Country,Region,DeathsPer1000,Years,DeathsPer100_000
Afghanistan,South Asia,42,54.4,521
Albania,Europe,10.8,79.9,7
Algeria,Africa,18.6,77.9,62
American Samoa,Australia and Oceania,9.5,75.8,
Andorra,Europe,3.3,83.8,11
Angola,Africa,46.1,62.9,183
Anguilla,Central America and the Caribbean,2.9,82.6,
Antigua and Barbuda,Central America and the Caribbean,13.3,78.3,35
Argentina,South America,7.4,78.8,33
Armenia,Central Asia,11.3,76.7,19
Aruba,Central America and the Caribbean,11.2,78.5,
Australia,Australia and Oceania,3,83.5,2
Austria,Europe,3.2,82.7,6
Azerbaijan,Central Asia,10.7,75.9,18
"Bahamas, The",Central America and the Caribbean,9.2,76.7,76
Bahrain,Middle East,9.6,80.4,17
Bangladesh,South Asia,22,75.2,115
Barbados,Central America and the Caribbean,15.1,79,35
Belarus,Europe,2.1,74.7,1
Belgium,Europe,3,82.3,4
Belize,Central America and the Caribbean,11.3,74.3,67
Benin,Africa,51.6,63,518
Bermuda,North America,2.1,82.5,
Bhutan,South Asia,23,73.7,47
Bolivia,South America,22.1,72.5,146
Bosnia and Herzegovina,Europe,3.8,78.5,6
Botswana,Africa,27.8,66.4,155
Brazil,South America,12.7,76.3,67
British Virgin Islands,Central America and the Caribbean,13,80.1,
Brunei,East and Southeast Asia,9.8,78.9,36
Bulgaria,Europe,7.5,76.1,6
Burkina Faso,Africa,48,64.2,242
Burma,East and Southeast Asia,30.8,70.3,185
Burundi,Africa,35.3,68.1,392
Cabo Verde,Africa,21.9,74.3,40
Cambodia,East and Southeast Asia,27.2,71.4,137
Cameroon,Africa,44.6,64.2,258
Canada,North America,3.8,84.2,12
Cayman Islands,Central America and the Caribbean,7.1,82.5,
Central African Republic,Africa,79.3,56.4,692
Chad,Africa,61.1,60,748
Chile,South America,4.5,80.3,10
China,East and Southeast Asia,6,78.7,16
Colombia,South America,11.6,74.9,59
Comoros,Africa,53.9,67.8,179
"Congo, Democratic Republic of the",Africa,55.8,62.6,427
"Congo, Republic of the",Africa,29.9,72.9,241
Cook Islands,Australia and Oceania,14.8,77.6,0
Costa Rica,Central America and the Caribbean,6.3,80.3,24
Cote d'Ivoire,Africa,52.3,63.2,359
Croatia,Europe,3.4,77.7,3
Cuba,Central America and the Caribbean,5.2,80.1,35
Curacao,Central America and the Caribbean,7.4,79.9,
Cyprus,Europe,7.9,80.2,14
Czechia,Europe,2.5,78.6,3
Denmark,Europe,3.1,82.1,4
Djibouti,Africa,44.3,65.9,162
Dominica,Central America and the Caribbean,10.5,78.7,36
Dominican Republic,Central America and the Caribbean,20.8,72.6,124
Ecuador,South America,11.2,74.9,55
Egypt,Africa,16.4,75,17
El Salvador,Central America and the Caribbean,10,75.9,39
Equatorial Guinea,Africa,76.9,63.9,174
Eritrea,Africa,39,67.5,291
Estonia,Europe,2,78.4,5
Eswatini,Africa,38,60.7,118
Ethiopia,Africa,31.3,67.7,195
Faroe Islands,Europe,5.6,81.7,
Fiji,Australia and Oceania,9.4,74.8,30
Finland,Europe,1.9,82.2,8
France,Europe,3.1,82.6,7
French Polynesia,Australia and Oceania,4.2,78.9,
Gabon,Africa,26,70.4,233
"Gambia, The",Africa,35,68.4,354
Gaza Strip,Middle East,14.2,75.5,16
Georgia,Central Asia,20.9,72.8,20
Germany,Europe,3,81.9,4
Ghana,Africa,30.5,70.1,234
Gibraltar,Europe,5.9,80.9,
Greece,Europe,3.4,81.9,5
Greenland,North America,8.3,74.5,
Grenada,Central America and the Caribbean,8.8,76.3,48
Guam,Australia and Oceania,10.7,78,
Guatemala,Central America and the Caribbean,23.4,73.5,94
Guernsey,Europe,3.2,83.6,
Guinea,Africa,45.8,64.6,494
Guinea-Bissau,Africa,45.1,64.5,505
Guyana,South America,20.6,72.4,75
Haiti,Central America and the Caribbean,35,65.6,328
Honduras,Central America and the Caribbean,15.4,73.1,47
Hong Kong,East and Southeast Asia,2.4,84,
Hungary,Europe,4.6,76,12
Iceland,Europe,1.6,84,3
India,South Asia,30.5,68.2,80
Indonesia,East and Southeast Asia,18.5,73.6,140
Iran,Middle East,9.7,75.6,16
Iraq,Middle East,18.3,73.7,66
Ireland,Europe,3.2,82,4
Isle of Man,Europe,4,82.5,
Israel,Middle East,2.6,83.1,2
Italy,Europe,3,83,6
Jamaica,Central America and the Caribbean,14.5,76.3,130
Japan,East and Southeast Asia,1.8,85.2,3
Jersey,Europe,3.7,83,
Jordan,Middle East,12.9,76.5,31
Kazakhstan,Central Asia,7.9,73.3,10
Kenya,Africa,26.8,70.4,379
Kiribati,Australia and Oceania,30.8,68.5,80
"Korea, North",East and Southeast Asia,14.7,73.5,67
"Korea, South",East and Southeast Asia,2.2,83.4,4
Kosovo,Europe,21,73.1,
Kuwait,Middle East,7,79.6,8
Kyrgyzstan,Central Asia,24,72.9,42
Laos,East and Southeast Asia,34.2,69,112
Latvia,Europe,2.4,76.4,19
Lebanon,Middle East,7.3,79.2,15
Lesotho,Africa,52.2,60.2,478
Liberia,Africa,55.2,61.6,628
Libya,Africa,10.4,77.7,59
Liechtenstein,Europe,3.8,83,
Lithuania,Europe,2.5,76.1,8
Luxembourg,Europe,3.1,83.4,12
Macau,East and Southeast Asia,4.3,85.3,
Madagascar,Africa,38.4,68.8,445
Malawi,Africa,28.9,73,225
Malaysia,East and Southeast Asia,6.3,76.6,26
Maldives,South Asia,23.7,77.4,32
Mali,Africa,55.8,63.2,367
Malta,Europe,4.6,83.6,8
Marshall Islands,Australia and Oceania,20.1,75.2,155
Mauritania,Africa,29.9,65.9,381
Mauritius,Africa,11.4,75.4,66
Mexico,North America,12.3,74.6,42
"Micronesia, Federated States of",Australia and Oceania,20.4,75,129
Moldova,Europe,13.5,70.1,19
Monaco,Europe,1.7,89.8,5
Mongolia,East and Southeast Asia,8.6,71.9,41
Montenegro,Europe,3.1,78.2,6
Montserrat,Central America and the Caribbean,9.4,76.1,
Morocco,Africa,17.8,74.2,70
Mozambique,Africa,56.7,58.3,82
Namibia,Africa,27.1,65.9,139
Nauru,Australia and Oceania,7.5,68.6,273
Nepal,South Asia,23.4,73,142
Netherlands,Europe,3.6,81.9,4
New Caledonia,Australia and Oceania,4.8,79.3,
New Zealand,Australia and Oceania,3.3,82.9,7
Nicaragua,Central America and the Caribbean,14.1,74.7,60
Niger,Africa,63,60.9,350
Nigeria,Africa,65.6,62.2,993
North Macedonia,Europe,6.8,77.3,3
Northern Mariana Islands,Australia and Oceania,11.6,77.1,
Norway,Europe,1.8,82.9,1
Oman,Middle East,13.6,77.4,13
Pakistan,South Asia,50.3,70.3,155
Palau,Australia and Oceania,10.6,75.2,89
Panama,Central America and the Caribbean,13.2,79.2,37
Papua New Guinea,East and Southeast Asia,31.3,70.1,189
Paraguay,South America,21.4,78.8,58
Peru,South America,10.6,68.9,51
Philippines,East and Southeast Asia,18.5,70.8,84
Poland,Europe,4.6,76.7,2
Portugal,Europe,2.4,81.9,15
Puerto Rico,Central America and the Caribbean,5.7,82.1,11
Qatar,Middle East,6.2,80.3,4
Romania,Europe,5.3,76.9,12
Russia,Central Asia,6.4,72.3,9
Rwanda,Africa,27.4,66.6,229
Saint Barthelemy,Central America and the Caribbean,6.3,81,
"Saint Helena, Ascension, and Tristan da Cunha",Africa,17.5,80.9,
Saint Kitts and Nevis,Central America and the Caribbean,7.9,77.6,74
Saint Lucia,Central America and the Caribbean,11.3,79.4,44
Saint Martin,Central America and the Caribbean,6.3,81,
Saint Pierre and Miquelon,North America,7.6,81.8,
Saint Vincent and the Grenadines,Central America and the Caribbean,12,77.2,56
Samoa,Australia and Oceania,17.2,75.7,101
San Marino,Europe,6.1,84.2,8
Sao Tome and Principe,Africa,41.7,67.7,75
Saudi Arabia,Middle East,11.4,77.2,7
Senegal,Africa,30.4,70.6,237
Serbia,Europe,4.4,75.3,11
Seychelles,Africa,10,76.6,42
Sierra Leone,Africa,70.1,59.4,354
Singapore,East and Southeast Asia,1.5,86.7,6
Sint Maarten,Central America and the Caribbean,7.5,79.7,
Slovakia,Europe,5,77.2,4
Slovenia,Europe,1.8,82.2,3
Solomon Islands,Australia and Oceania,18.6,77.2,123
Somalia,Africa,81.5,56.5,563
South Africa,Africa,19.7,71.9,118
South Sudan,Africa,58.6,60.3,692
Spain,Europe,2.4,83,3
Sri Lanka,South Asia,6.8,76.8,18
Sudan,Africa,39.7,67.8,256
Suriname,South America,29.3,72.7,84
Sweden,Europe,2.2,82.9,4
Switzerland,Europe,3,83.9,5
Syria,Middle East,14.7,74.8,20
Taiwan,East and Southeast Asia,3.8,81.6,
Tajikistan,Central Asia,20.3,71.9,14
Tanzania,Africa,28.4,70.8,276
Thailand,East and Southeast Asia,6.2,78.2,34
Timor-Leste,East and Southeast Asia,41.9,70.5,192
Togo,Africa,34.5,72.1,349
Tonga,Australia and Oceania,11.5,78,67
Trinidad and Tobago,Central America and the Caribbean,14.7,76.5,54
Tunisia,Africa,10.6,77.3,36
Turkey (Turkiye),Middle East,17.9,76.7,15
Turkmenistan,Central Asia,35,72.4,5
Turks and Caicos Islands,Central America and the Caribbean,10.8,81.3,
Tuvalu,Australia and Oceania,27.2,69,170
Uganda,Africa,27.5,69.7,170
Ukraine,Europe,8.4,70.5,15
United Arab Emirates,Middle East,4.9,79.9,3
United Kingdom,Europe,3.7,82.2,8
United States,North America,5,80.9,17
Uruguay,South America,6.9,78.9,15
Uzbekistan,Central Asia,17.6,76.2,26
Vanuatu,Australia and Oceania,13.4,75.7,100
Venezuela,South America,13.6,74.5,227
Vietnam,East and Southeast Asia,13.8,76.1,48
Virgin Islands,Central America and the Caribbean,7.2,80.7,
Wallis and Futuna,Australia and Oceania,3.8,81.1,
West Bank,Middle East,14.2,76.5,16
Yemen,Middle East,42.4,68.2,118
Zambia,Africa,30.1,66.9,85
Zimbabwe,Africa,32.8,67.2,358
